,,Experimentname,Time,Host,VM,Total simulation time,Power,Number migration,SLA,ESV,SLA for migration,Overload factor,sla overall,sla average,Number of host shutdown,,
last,,iqr_fs,2/25/2016 4:36,800,1052,86400,171.49261,25675,0.005672006,0.972707074,0.097831387,5.797736252,0.116224564,9.672468955,5469,1316,
last,0.5,iqr_fs,2/25/2016 6:59,800,1052,86400,115.7800967,11068,0.003317768,0.384131473,0.035045122,9.467131467,0.666354253,8.833562616,876,3012,
last,20110303,iqr_mc,2/25/2016 14:20,800,1052,86400,114.9045411,10525,0.005489379,0.630754613,0.04594946,11.94655889,0.79451785,8.839757465,890,3594,
last,20110303,iqr_mc,2/25/2016 14:27,800,1052,86400,113.254023,10194,0.005283127,0.598335371,0.045413519,11.63337911,0.814423628,8.952003126,771,3513,
,,,,,,,,,,,,,,,,,
last,20110303,iqr_mc,2/25/2016 14:30,800,1052,86400,113.254023,10194,0.005283127,0.598335371,0.045413519,11.63337911,0.814423628,8.952003126,771,3513,
last,20110303,iqr_mc,2/25/2016 14:36,700,1052,86400,172.1088893,24797,0.007684225,1.322523515,0.10932836,7.028574737,0.13109645,9.682134647,5291,1270,
last,20110303,iqr_mc,2/25/2016 14:37,700,1052,86400,111.0694008,9215,0.005673246,0.630124087,0.03705386,15.31081104,1.222838968,8.973543754,671,4294,
last,20110303,iqr_mc,2/25/2016 14:38,700,1052,86400,111.0694008,9215,0.005673246,0.630124087,0.03705386,15.31081104,1.222838968,8.973543754,671,4294,
last,20110303,iqr_mc,2/25/2016 14:39,600,1052,86400,112.5692066,9991,0.004851459,0.546124946,0.043302128,11.20374393,0.756901752,8.897826654,571,3393,
last,20110303,iqr_mc,2/25/2016 14:41,600,1052,86400,112.5692066,9991,0.004851459,0.546124946,0.043302128,11.20374393,0.756901752,8.897826654,571,3393,
last,20110303,iqr_mc,2/25/2016 14:46,600,1052,86400,112.5692066,9991,0.004851459,0.546124946,0.043302128,11.20374393,0.756901752,8.897826654,571,3393,
last,20110303,iqr_mc,2/25/2016 16:35,550,1052,86400,111.7884616,10029,0.005147321,0.575411086,0.042847588,12.01309382,0.80132093,8.75677968,520,3641,
last,20110303,iqr_mc,2/28/2016 21:18,550,1052,86400,111.7884616,10029,0.005147321,0.575411086,0.042847588,12.01309382,0.80132093,8.75677968,520,3641,
last,20110303,iqr_mc,2/28/2016 22:19,550,1052,86400,111.7884616,10029,0.005147321,0.575411086,0.042847588,12.01309382,0.80132093,8.75677968,520,3641,
last,20110303,iqr_mc,2/28/2016 23:19,550,1052,86400,111.7884616,10029,0.005147321,0.575411086,0.042847588,12.01309382,0.80132093,8.75677968,520,3641,
last,20110303,iqr_mc,2/29/2016 2:14,550,1052,86400,112.071773,9852,0.004997765,0.560108424,0.043736344,11.4270305,0.760702992,8.905020267,521,3576,
last,20110303,iqr_mc,2/29/2016 2:34,550,1052,86400,112.0006402,9766,0.005427793,0.607916338,0.039833454,13.62621822,0.990797582,8.638967516,520,330020,
last,20110303,iqr_mc,2/29/2016 3:10,550,1052,86400,113.9234472,21444,0.006815529,0.776448504,0.05572776,12.23004212,0.787196234,9.23403459,520,392163,
last,20110303,iqr_mc,2/29/2016 3:13,550,1052,86400,113.9234472,21444,0.006815529,0.776448504,0.05572776,12.23004212,0.787196234,9.23403459,520,115834,
last,20110303,iqr_mc,2/29/2016 3:16,550,1052,86400,113.9234472,21444,0.006815529,0.776448504,0.05572776,12.23004212,0.787196234,9.23403459,520,115834,
last,20110303,iqr_mc,2/29/2016 3:18,550,1052,86400,113.9234472,21444,0.006815529,0.776448504,0.05572776,12.23004212,0.787196234,9.23403459,520,115834,
last,20110303,iqr_mc,2/29/2016 3:23,800,1052,86400,113.6006868,19618,0.007725002,0.877565489,0.052112102,14.82381518,1.075174832,8.872307277,771,84636,
last,20110303,iqr_mc,2/29/2016 3:49,800,1052,86400,122.029114,17986,0.003970986,0.484575952,0.067222707,5.907209879,0.151087027,9.516232112,966,28168,
,,,,,,,,,,,,,,,,,
last,20110303,iqr_mc,2/29/2016 3:53,800,1052,86400,113.254023,10194,0.005283127,0.598335371,0.045413519,11.63337911,0.814423628,8.952003126,771,3513,0.598335387
last,20110303,iqr_mc,2/29/2016 3:57,800,1052,86400,173.0883786,24970,0.007629675,1.320608107,0.108644287,7.022619762,0.130134119,9.680745525,5385,1270,1.320608075
last,20110303,iqr_mc,2/29/2016 3:59,800,1052,86400,113.254023,10194,0.005283127,0.598335371,0.045413519,11.63337911,0.814423628,8.952003126,771,3513,0.598335387
last,20110303,iqr_mc,2/29/2016 4:00,800,1052,86400,122.029114,17986,0.003970986,0.484575952,0.067222707,5.907209879,0.151087027,9.516232112,966,28168,0.484575903
,,,,,,,,,,,,,,,,,0
last,20110303,iqr_mc,3/6/2016 21:45,800,1052,86400,122.029114,17986,0.003970986,0.484575952,0.067222707,5.907209879,0.151087027,9.516232112,966,28168,0.484575903
,,,,,,,,,,,,,,,,,0
last,20110303,iqr_mc,3/6/2016 23:30,800,1052,86400,121.9813912,20781,0.004217705,0.514481534,0.06840006,6.166230118,0.160456069,9.651978873,967,102997,0.514481534
last,20110303,iqr_mc,3/6/2016 23:36,800,1052,86400,121.1223176,13860,0.00378495,0.458441932,0.069681382,5.431795435,0.100882741,9.534662585,939,1779,0.458441932
last,20110303,iqr_mc,3/7/2016 11:15,750,1052,86400,121.7708083,20341,0.0041556,0.506030829,0.066267275,6.270969339,0.194674324,9.559419008,898,118367,0.506030829
last,20110303,iqr_mc,3/7/2016 11:21,650,1052,86400,121.0541377,19376,0.004125576,0.49941805,0.066893531,6.167376647,0.17908983,9.528101979,810,102732,0.49941805
last,20110303,iqr_mc,3/7/2016 11:22,600,1052,86400,120.6232375,19812,0.004226978,0.509871717,0.068780328,6.145619942,0.187566387,9.669335091,756,80650,0.509871717
last,20110303,iqr_mc,3/7/2016 11:23,550,1052,86400,120.661247,20006,0.004287142,0.517291938,0.068949814,6.217772128,0.1809955,9.682643756,711,92637,0.517291938
last,20110303,iqr_mc,3/7/2016 11:25,550,1052,86400,120.5804254,18034,0.004101213,0.494525982,0.068165156,6.016582413,0.146191573,9.500543423,731,26046,0.494525982
last,20110303,iqr_mc,3/7/2016 11:25,600,1052,86400,121.0571376,17779,0.004082258,0.494186434,0.067947403,6.007967286,0.16171845,9.725130393,787,26757,0.494186434
last,20110303,iqr_mc,3/7/2016 11:27,650,1052,86400,121.1939255,17238,0.003886891,0.47106761,0.066962684,5.804563129,0.138391095,9.557818028,819,24082,0.47106761
last,20110303,iqr_mc,3/7/2016 11:28,700,1052,86400,121.6499537,17388,0.004012579,0.488130018,0.067423596,5.951297388,0.135074093,9.437610616,873,27320,0.488130018
last,20110303,iqr_mc,3/7/2016 11:29,750,1052,86400,121.7952387,18200,0.004050163,0.493290509,0.068761185,5.890187157,0.140817556,9.739092058,946,30053,0.493290509
last,20110303,iqr_mc,3/7/2016 11:29,800,1052,86400,122.029114,17986,0.003970986,0.484575952,0.067222707,5.907209879,0.151087027,9.516232112,966,28168,0.484575952
last,20110303,iqr_mc,3/7/2016 11:33,800,1052,86400,173.0883786,24970,0.007629675,1.320608107,0.108644287,7.022619762,0.130134119,9.680745525,5385,1270,1.320608107
last,20110303,iqr_mc,3/7/2016 11:36,750,1052,86400,171.8946441,24822,0.00767734,1.319693588,0.108679594,7.064196198,0.132571747,9.83557751,5351,1338,1.319693588
last,20110303,iqr_mc,3/7/2016 11:37,700,1052,86400,172.1088893,24797,0.007684225,1.322523515,0.10932836,7.028574737,0.13109645,9.682134647,5291,1270,1.322523515
last,20110303,iqr_mc,3/7/2016 11:37,650,1052,86400,171.8452556,24801,0.007665013,1.317196179,0.109080547,7.026929673,0.131961889,9.752192964,5278,1347,1.317196179
last,20110303,iqr_mc,3/7/2016 11:38,600,1052,86400,171.2689442,24565,0.007489114,1.282652646,0.106990128,6.999817792,0.129202726,9.705942727,5179,1244,1.282652646
last,20110303,iqr_mc,3/7/2016 11:39,550,1052,86400,170.4795843,24724,0.007719207,1.315967177,0.109028378,7.079997899,0.133699636,9.688867377,5149,1374,1.315967177
last,20110303,iqr_mc,3/7/2016 11:50,700,1052,86400,121.6499537,17388,0.004012579,0.488130018,0.067423596,5.951297388,0.135074093,9.437610616,873,27320,0.488130018
last,20110303,iqr_mc,3/7/2016 11:53,700,1052,86400,121.5702648,20745,0.004389724,0.533659954,0.069535716,6.312905993,0.169130273,9.439224192,866,98713,0.533659954
last,20110303,iqr_mc,3/11/2016 19:13,700,1052,86400,121.5702648,20745,0.004389724,0.533659954,0.069535716,6.312905993,0.169130273,9.439224192,866,98713,0.533659954
last,20110303,iqr_mc,3/11/2016 19:23,700,1052,86400,121.5702648,20745,0.004389724,0.533659954,0.069535716,6.312905993,0.169130273,9.439224192,866,98713,0.533659954
last,20110303,iqr_mc,3/13/2016 14:14,700,1052,86400,122.7192897,17013,0.003435777,0.421636091,0.057933115,5.930592277,0.138088433,9.341986259,808,75542,0.421636091
last,20110303,iqr_mc,3/13/2016 14:16,700,1052,86400,121.5702648,20745,0.004389724,0.533659954,0.069535716,6.312905993,0.169130273,9.439224192,866,98713,0.533659954
last,20110303,iqr_mc,3/13/2016 14:40,700,1052,86400,121.5702648,20745,0.004389724,0.533659954,0.069535716,6.312905993,0.169130273,9.439224192,866,98713,0.533659954
last,20110303,iqr_mc,3/13/2016 14:42,700,1052,86400,121.5702648,20745,0.004389724,0.533659954,0.069535716,6.312905993,0.169130273,9.439224192,866,98713,0.533659954
last,20110303,iqr_mc,3/13/2016 14:45,700,1052,86400,121.5702648,20745,0.004389724,0.533659954,0.069535716,6.312905993,0.169130273,9.439224192,866,98713,0.533659954
last,20110303,msmd_fs,3/13/2016 14:52,700,1052,86400,131.5087688,3594,1.35E-04,0.017714093,0.010250162,1.314115374,0.01542575,9.489951145,683,0,0.017714093
last,20110303,iqr_mc,3/13/2016 15:25,700,1052,86400,115.7846242,21491,0.004232681,0.490079322,0.066982517,6.319082451,0.176243566,9.854785558,878,100035,0.490079322
last,20110303,iqr_mc,3/13/2016 15:28,800,1052,86400,115.7649735,21706,0.004168678,0.482586912,0.065190984,6.3945623,0.177367671,9.612008196,981,85152,0.482586912
last,20110303,iqr_mc,3/13/2016 15:53,800,1052,86400,115.8086302,18357,0.003835822,0.444221292,0.064325945,5.963102425,0.131581745,9.731847592,1018,56766,0.444221292
last,20110303,iqr_mc,3/13/2016 17:09,800,1052,86400,115.2571245,19990,0.004356181,0.502080875,0.070530098,6.176343087,0.149454103,9.59088355,1045,58102,0.502080875
last,20110303,iqr_mc,3/13/2016 17:17,800,1052,86400,115.8086302,18357,0.003835822,0.444221292,0.064325945,5.963102425,0.131581745,9.731847592,1018,56766,0.444221292
,,,,,,,,,,,,,,,,,
last,20110303,iqr_mc,3/13/2016 17:35,800,1052,86400,115.8075184,18495,0.003908451,0.452627966,0.063390658,6.165657124,0.158698456,9.575540816,1007,155037,0.452627966
,,,,,,,,,,,,,,,,,
last,20110303,iqr_mc,3/13/2016 17:48,800,1052,86400,123.7955151,19932,0.004714442,0.583626745,0.070868883,6.652343836,0.19868289,9.901830319,1074,185655,
last,20110303,iqr_mc,3/13/2016 18:35,800,1052,86400,117.6546503,21247,0.003377989,0.397436167,0.055795072,6.054279176,0.117168922,9.700281434,1002,1.22E+07,0.397436167
,,,,,,,,,,,,,,,,,
last,20110303,iqr_mc,3/13/2016 20:04,800,1052,86400,109.2428708,33941,0.030257013,3.305362955,0.15082406,20.0611315,0.942719055,10.25874066,1022,213211,
last,20110303,iqr_mc,3/13/2016 20:12,800,1052,86400,113.236321,19405,0.005790323,0.655674892,0.084671285,6.838591356,0.216599491,10.09391887,976,37974,0.655674892
,,,,,,,,,,,,,,,,,
last,20110303,iqr_mc,3/13/2016 20:37,800,1052,86400,113.6666117,18254,0.005111167,0.580969078,0.084223797,6.068554918,0.14988026,10.01329888,1024,43751,0.580969078
last,20110303,iqr_mc,3/13/2016 20:43,800,1052,86400,113.236321,19405,0.005790323,0.655674892,0.084671285,6.838591356,0.216599491,10.09391887,976,37974,0.655674892
last,20110303,iqr_mc,3/13/2016 20:47,800,1052,86400,114.9110308,14523,0.003733871,0.429063019,0.067915635,5.497808362,0.103502293,10.0611853,939,1883,0.429063019
,,,,,,,,,,,,,,,,,
last,20110303,iqr_mc,3/13/2016 23:19,800,1052,86400,113.236321,19405,0.005790323,0.655674892,0.084671285,6.838591356,0.216599491,10.09391887,976,37974,
last,20110303,iqr_mc,3/13/2016 23:30,800,1052,86400,113.236321,19405,0.005790323,0.655674892,0.084671285,6.838591356,0.216599491,10.09391887,976,39041,
last,20110303,iqr_mc,3/13/2016 23:41,800,1052,86400,113.236321,19405,0.005790323,0.655674892,0.084671285,6.838591356,0.216599491,10.09391887,976,39041,
last,20110303,iqr_mc,3/14/2016 0:29,800,1052,86400,122.3219861,21133,0.007796731,0.953711639,0.094477235,8.25249715,0.307819921,10.18451636,966,46349,
last,20110303,iqr_mc,3/14/2016 0:44,800,1052,86400,112.0598892,21933,0.00883843,0.990433526,0.094058384,9.396749053,0.601426602,10.44418718,939,32753,
last,random_i,r_mc,3/14/2016 1:30,200,200,86400,120.1290646,13325,0.030820457,3.702432724,0.190163181,16.20737375,3.434643001,14.12948266,370,80004,
last,20110303,iqr_mc,3/14/2016 1:37,800,1052,86400,112.0598892,21933,0.00883843,0.990433526,0.094058384,9.396749053,0.601426602,10.44418718,939,32753,
last,20110303,iqr_mc,3/14/2016 1:46,800,1052,86400,113.236321,19405,0.005790323,0.655674892,0.084671285,6.838591356,0.216599491,10.09391887,976,37974,
last,20110303,iqr_mc,3/14/2016 1:47,800,1052,86400,113.236321,19405,0.005790323,0.655674892,0.084671285,6.838591356,0.216599491,10.09391887,976,37974,
last,random_i,r_mc,3/14/2016 2:23,200,200,86400,122.3652837,11128,0.019934824,2.439330447,0.146486704,13.6086238,2.383908015,12.74088529,352,60953,
last,random_i,r_mc,3/14/2016 2:24,200,250,86400,153.3088379,14150,0.02186832,3.352606794,0.153283537,14.26658134,2.595966944,12.82206283,410,102667,
last,random_i,r_mc,3/14/2016 2:26,200,300,86400,181.8219666,16886,0.022831455,4.151260025,0.157304964,14.51413506,2.692379182,13.15331857,391,155417,
last,random_i,r_mc,3/14/2016 2:28,200,350,86400,212.7669587,19794,0.023660055,5.034078022,0.157987128,14.97593861,2.800942254,13.21257636,400,206686,
last,random_i,r_mc,3/14/2016 2:31,200,400,86400,240.9002728,22551,0.024531556,5.909658517,0.161283883,15.21017195,2.836016369,13.2311961,413,298369,
last,random_i,r_mc,3/14/2016 2:56,200,200,86400,153.1888439,17659,0.026619964,4.077881471,0.22949094,11.59957069,1.880063111,11.48844702,4419,1442,
last,random_i,r_mc,3/14/2016 2:57,200,250,86400,191.7917238,22398,0.028080268,5.385563061,0.236733378,11.86155856,2.06301232,11.78042784,5541,1901,
last,random_i,r_mc,3/14/2016 2:57,200,300,86400,223.0146225,26096,0.02845666,6.346251242,0.226656204,12.55498825,2.100090952,11.7634186,5956,2364,
last,random_i,r_mc,3/14/2016 2:58,200,350,86400,246.6955529,26872,0.02917051,7.196235102,0.204846525,14.24017812,2.357035672,12.30236142,5125,4210,
last,random_i,r_mc,3/14/2016 2:59,200,400,86400,275.8843899,28111,0.030889756,8.522001564,0.197932984,15.60616918,2.703516166,12.797723,4851,7003,
,,,,,,,,,,,,,,,,,
last,20110303,iqr_mc,3/15/2016 19:13,800,1052,86400,173.0883786,24970,0.007629675,1.320608107,0.108644287,7.022619762,0.130134119,9.680745525,5385,1270,
last,20110303,iqr_mc,3/15/2016 19:18,800,1052,86400,113.236321,19405,0.005790323,0.655674892,0.084671285,6.838591356,0.216599491,10.09391887,976,37974,
last,20110303,iqr_mc,3/15/2016 19:29,800,1052,86400,117.5935131,18793,0.006655442,0.782636797,0.087512701,7.605115395,0.259954015,9.812324392,990,49989,
,,,,,,,,,,,,,,,,,
last,random_i,r_mc,3/15/2016 19:41,200,50,86400,32.61748977,2425,0.012903509,0.420880063,0.123277435,10.46704832,1.890804447,12.42272447,287,3571,
last,random_i,r_mc,3/15/2016 19:54,200,50,86400,35.60633132,2770,0.027194098,0.968282075,0.147737797,18.40700137,2.783742156,12.70652362,324,6502,
last,random_i,r_mc,3/15/2016 19:56,200,50,86400,16.33122039,2505,0.013661882,0.223115203,0.121670987,11.22854525,1.914603259,12.12592063,294,3531,
last,random_i,r_mc,3/15/2016 19:57,200,50,86400,29.91313854,2394,0.014510195,0.434045474,0.121140439,11.97799439,1.936115291,12.13353422,304,3684,
last,random_i,r_mc,3/15/2016 19:59,200,50,86400,29.91313854,2394,0.014510195,0.434045474,0.121140439,11.97799439,1.936115291,12.13353422,304,3684,
last,random_i,r_mc,3/15/2016 20:29,200,50,86400,32.61748977,2425,0.012903509,0.420880063,0.123277435,10.46704832,1.890804447,12.42272447,287,3571,
last,20110303,iqr_mc,3/15/2016 22:21,800,1052,86400,113.2560334,19405,0.005790323,0.655789033,0.084671285,6.838591356,0.216599491,10.09391887,976,37974,
last,20110303,iqr_mc,3/15/2016 22:22,800,1052,86400,113.686324,18254,0.005111167,0.581069831,0.084223797,6.068554918,0.14988026,10.01329888,1024,43751,
last,random_i,r_mc,3/15/2016 22:49,200,400,86400,242.5010531,22551,0.024531556,5.94892815,0.161283883,15.21017195,2.836016369,13.2311961,413,298369,
last,random_i,r_mc,3/15/2016 22:50,200,400,86400,240.9094291,23877,0.032580137,7.848862291,0.192208064,16.95045294,3.365488396,14.0517809,1194,398408,
last,20110303,iqr_mc,3/15/2016 22:55,800,1052,86400,178.9487559,24970,0.007629675,1.365320883,0.108644287,7.022619762,0.130134119,9.680745525,5385,1270,
,,,,,,,,,,,,,,,,,
last,random_i,r_mc,3/16/2016 0:43,200,400,86400,277.4851702,28111,0.030889756,8.571449279,0.197932984,15.60616918,2.703516166,12.797723,4851,9414,
last,random_i,r_mc,3/16/2016 0:46,200,400,86400,240.0325271,25521,0.036059427,8.655435465,0.205780766,17.5232253,3.624803283,14.43668859,1235,805362,
last,random_i,r_mc,3/16/2016 0:57,200,400,86400,240.9094291,23877,0.032580137,7.848862291,0.192208064,16.95045294,3.365488396,14.0517809,1194,401199,
last,random_i,r_mc,3/16/2016 1:11,200,400,86400,240.9094291,23877,0.032580137,7.848862291,0.192208064,16.95045294,3.365488396,14.0517809,1194,398408,
last,random_i,r_mc,3/16/2016 1:22,200,400,86400,242.5010531,22551,0.024531556,5.94892815,0.161283883,15.21017195,2.836016369,13.2311961,413,298369,
,,,,,,,,,,,,,,,,,
last,random_i,r_mc,3/16/2016 1:28,200,400,86400,242.5010531,22551,0.024531556,5.94892815,0.161283883,15.21017195,2.836016369,13.2311961,413,298369,
last,random_i,r_mc,3/16/2016 1:32,200,400,86400,242.5010531,22551,0.024531556,5.94892815,0.161283883,15.21017195,2.836016369,13.2311961,413,298369,
last,20110303,iqr_mc,3/16/2016 21:44,800,1052,86400,117.9202666,21933,0.00883843,1.042230063,0.094058384,9.396749053,0.601426602,10.44418718,939,32753,
last,20110303,iqr_mc,3/16/2016 22:09,800,1052,86400,117.9202666,21933,0.00883843,1.042230063,0.094058384,9.396749053,0.601426602,10.44418718,939,32753,
last,random_i,r_mc,3/16/2016 22:47,200,200,86400,123.9102403,11128,0.019934824,2.470128887,0.146486704,13.6086238,2.383908015,12.74088529,352,60953,
last,random_i,r_mc,3/16/2016 22:51,200,400,86400,242.5010531,22551,0.024531556,5.94892815,0.161283883,15.21017195,2.836016369,13.2311961,413,298369,
last,20110303,iqr_mc,3/17/2016 0:06,800,1052,86400,119.0966983,19405,0.005790323,0.689608371,0.084671285,6.838591356,0.216599491,10.09391887,976,37974,
last,random_i,r_mc,3/17/2016 0:08,200,400,86400,242.5010531,22551,0.024531556,5.94892815,0.161283883,15.21017195,2.836016369,13.2311961,413,301014,
last,random_i,r_mc,3/20/2016 19:58,200,400,86400,242.5010531,22551,0.024531556,5.94892815,0.161283883,15.21017195,2.836016369,13.2311961,413,301014,
last,random_i,r_mc,3/20/2016 19:59,200,400,86400,277.4851702,28111,0.030889756,8.571449279,0.197932984,15.60616918,2.703516166,12.797723,4851,9414,
,,,,,,,,,,,,,,,,,
last,random_i,r_mc,4/4/2016 13:50,200,200,86400,120.7411994,19033,0.124422478,15.02291917,0.390296081,31.87899742,10.33893292,18.80093675,3467,7084,
last,random_i,r_mc,4/4/2016 13:50,200,200,86400,135.0057085,20004,0.089688426,12.10844951,0.365285558,24.55296252,7.8914094,17.15303725,4596,5460,
last,random_i,r_mc,4/4/2016 13:51,200,200,86400,145.1601616,16246,0.051913222,7.535731667,0.271655631,19.1099377,4.991215076,14.62956782,4647,3559,
last,random_i,r_mc_0.600000000000,4/4/2016 13:51,200,200,86400,148.549385,16633,0.045324843,6.732977536,0.263864998,17.17728509,4.052643694,13.70733974,4738,2939,
last,random_i,r_mc,4/4/2016 13:51,200,200,86400,151.3636821,17253,0.039475637,5.975177728,0.254550711,15.50796562,3.29911045,12.95520205,4734,2542,
last,random_i,r_mc,4/4/2016 13:51,200,200,86400,153.030243,17640,0.035781565,5.475661661,0.249638232,14.33336762,2.843918252,12.42308907,4687,2084,
last,random_i,r_mc,4/4/2016 13:52,200,200,86400,153.9261919,18049,0.033000914,5.079705082,0.247682702,13.32386722,2.418842807,11.97518014,4657,1816,
last,random_i,r_mc,4/4/2016 13:52,200,200,86400,154.7139985,17920,0.028824949,4.459623079,0.238607201,12.08050247,2.131573876,11.67519255,4540,1541,
last,random_i,r_mc_1.599999999999,4/4/2016 13:52,200,200,86400,154.3396707,17378,0.025374315,3.916263439,0.229973325,11.03359058,1.964289816,11.7752424,4306,1334,
last,random_i,r_mc_1.799999999999,4/4/2016 13:53,200,200,86400,154.3683436,16643,0.02196475,3.390662091,0.209704349,10.474151,1.655202326,11.35482751,4067,1234,
last,random_i,r_mc_1.999999999999,4/4/2016 13:53,200,200,86400,152.6514669,14672,0.016352678,2.496260344,0.181009731,9.034143231,1.339674027,11.19643999,3577,987,
last,random_i,r_mc_2.199999999999,4/4/2016 13:53,200,200,86400,150.5920773,12573,0.012037888,1.812810498,0.149907378,8.030216886,1.096911617,10.83549322,3074,826,
last,random_i,r_mc,4/4/2016 13:54,200,200,86400,148.322256,10788,0.009169292,1.360010014,0.127408868,7.196745192,0.96451066,10.72581148,2610,683,
last,random_i,r_mc,4/4/2016 13:54,200,200,86400,145.7516417,8108,0.005527535,0.805647238,0.094863455,5.826832414,0.688216589,10.4731178,2013,528,
last,random_i,r_mc_2.800000000000,4/4/2016 13:54,200,200,86400,144.6084336,5798,0.003030894,0.438292898,0.067247455,4.507076828,0.441109456,9.949439731,1566,395,
last,random_i,r_mc_3.000000000000,4/4/2016 13:54,200,200,86400,142.8626194,4958,0.002482227,0.354617425,0.05521357,4.495682514,0.457621413,9.522717022,1314,334,
last,random_i,r_mc_3.200000000000,4/4/2016 13:55,200,200,86400,142.2612259,4039,0.001747299,0.248572942,0.046444863,3.762093802,0.327219251,9.230722606,1117,289,
last,random_i,r_mc_3.40000000000,4/4/2016 13:55,200,200,86400,142.5382552,3748,0.001440712,0.205356566,0.041978626,3.432013121,0.30217259,9.205762891,1051,321,
last,random_i,r_mc_3.60000000000,4/4/2016 13:55,200,200,86400,141.7247824,3318,0.001256028,0.178010293,0.038165813,3.290976663,0.28728566,9.167075479,937,280,
last,random_i,r_mc_3.80000000000,4/4/2016 13:55,200,200,86400,141.0123122,2973,0.001059616,0.149418948,0.033964248,3.119799174,0.26364593,8.955519158,859,228,
last,random_i,r_mc_4.00000000000,4/4/2016 13:56,200,200,86400,141.2677601,3080,0.001039168,0.146800901,0.034403873,3.020496401,0.248502013,8.888402887,858,269,
last,random_i,r_mc_4.20000000000,4/4/2016 13:56,200,200,86400,141.5570492,2652,8.25E-04,0.11678741,0.031770563,2.596806677,0.218647164,9.170965293,779,232,
last,random_i,r_mc_4.40000000000,4/4/2016 13:56,200,200,86400,141.2790623,2814,8.89E-04,0.125641284,0.032169292,2.764477499,0.232859135,8.976518859,807,225,
last,random_i,r_mc_4.60000000000,4/4/2016 13:56,200,200,86400,141.3350319,2698,8.36E-04,0.118135823,0.031432116,2.659243909,0.21407768,8.978311597,786,219,
last,random_i,r_mc_4.80000000000,4/4/2016 13:56,200,200,86400,141.7464711,2653,8.32E-04,0.118003261,0.031689491,2.627038838,0.210397157,9.016604791,795,230,
,,,,,,,,,,,,,,,,,
,,,,,,,,,,,,,,,,,
last,random_i,r_mc,4/4/2016 15:07,200,200,86400,96.53464271,9890,0.120371602,11.62002955,0.289659318,41.55626774,10.98478024,19.56877895,365,23233,
last,random_i,r_mc,4/4/2016 15:07,200,200,86400,101.5270405,10105,0.092625131,9.403955412,0.263589777,35.13987988,8.51315094,18.20479786,362,30128,
last,random_i,r_mc,4/4/2016 15:07,200,200,86400,105.9480797,10247,0.069665876,7.380965796,0.235296537,29.60769296,6.892422897,16.71692595,348,40933,
last,random_i,r_mc_0.600000000000,4/4/2016 15:08,200,200,86400,109.8363523,10499,0.057454476,6.310590107,0.218918369,26.24470324,5.794607775,15.93193414,335,30726,
last,random_i,r_mc,4/4/2016 15:08,200,200,86400,113.6879502,10945,0.046586288,5.296299646,0.208661024,22.32630111,4.761628801,15.12365108,351,32273,
last,random_i,r_mc,4/4/2016 15:09,200,200,86400,117.3844893,11285,0.036286649,4.259489724,0.188048461,19.29643481,4.034574363,14.28946692,385,40617,
last,random_i,r_mc,4/4/2016 15:09,200,200,86400,120.1942514,11282,0.02888391,3.471679996,0.170131691,16.97738403,3.436015144,13.71196213,385,36868,
last,random_i,r_mc,4/4/2016 15:10,200,200,86400,122.7001668,11390,0.022955723,2.816671022,0.156674338,14.65187163,2.750439777,13.16912842,375,55966,
last,random_i,r_mc_1.599999999999,4/4/2016 15:11,200,200,86400,125.4372373,10743,0.017929709,2.249053182,0.140271762,12.782123,2.223351696,12.38098106,357,64631,
last,random_i,r_mc_1.799999999999,4/4/2016 15:12,200,200,86400,127.9719284,10116,0.013159183,1.684005986,0.123347889,10.6683485,1.679763664,11.91007179,360,108079,
last,random_i,r_mc_1.999999999999,4/4/2016 15:13,200,200,86400,128.4910868,9844,0.011470565,1.473865336,0.112505184,10.19558779,1.620073868,11.70222788,352,133077,
last,random_i,r_mc_2.199999999999,4/4/2016 15:15,200,200,86400,129.8466796,9001,0.009404952,1.221201806,0.101426985,9.27263307,1.425902897,11.41335344,358,166392,
last,random_i,r_mc,4/4/2016 15:17,200,200,86400,131.1067144,7703,0.007046711,0.92387119,0.086433464,8.152758398,1.21055135,11.15328968,326,246069,
last,random_i,r_mc,4/4/2016 15:21,200,200,86400,132.7319951,7118,0.005166963,0.685821351,0.077526852,6.664740255,0.912973474,10.823937,327,317632,
last,random_i,r_mc_2.800000000000,4/4/2016 15:25,200,200,86400,132.724637,6255,0.004191533,0.556319644,0.066198328,6.331780174,0.867986787,10.75693558,327,376517,
last,random_i,r_mc_3.000000000000,4/4/2016 15:30,200,200,86400,133.8705743,5134,0.002880566,0.385623055,0.054378581,5.297244233,0.699454951,10.53399461,297,436242,
last,random_i,r_mc_3.200000000000,4/4/2016 15:37,200,200,86400,134.8660678,4592,0.002297566,0.309863688,0.049778004,4.615624903,0.619360547,10.53075674,297,490922,
last,random_i,r_mc_3.40000000000,4/4/2016 15:44,200,200,86400,134.9281148,3945,0.001842272,0.248574269,0.041849216,4.402165786,0.578561295,10.14149297,282,569517,
last,random_i,r_mc_3.60000000000,4/4/2016 15:52,200,200,86400,135.6367406,3541,0.001553167,0.210666467,0.039166093,3.965590057,0.509393492,10.21047074,268,640656,
last,random_i,r_mc_3.80000000000,4/4/2016 16:00,200,200,86400,136.046648,3101,0.001131214,0.153897847,0.033268274,3.400277998,0.431558752,10.06593043,253,635175,
last,random_i,r_mc_4.00000000000,4/4/2016 16:09,200,200,86400,136.1791421,3067,0.001194068,0.162607132,0.032831541,3.636953362,0.485231451,10.21666981,254,758392,
last,random_i,r_mc_4.20000000000,4/4/2016 16:18,200,200,86400,135.8397226,2627,9.88E-04,0.13415572,0.02979426,3.314742556,0.419664354,10.10271475,246,769555,
last,random_i,r_mc_4.40000000000,4/4/2016 16:27,200,200,86400,137.0785183,2828,0.001056033,0.144759392,0.032297269,3.269727424,0.433079761,10.23120989,252,737992,
last,random_i,r_mc_4.60000000000,4/4/2016 16:37,200,200,86400,136.5477702,2621,8.82E-04,0.120497583,0.029106763,3.031794829,0.394107981,10.07505132,261,831042,
last,random_i,r_mc_4.80000000000,4/4/2016 16:46,200,200,86400,136.4509761,2623,9.57E-04,0.130640829,0.029296298,3.268056375,0.402523095,10.12501013,253,827073,
,,,,,,,,,,,,,,,,,
last,random_i,r_mc,4/5/2016 1:31,200,200,86400,154.7338006,17659,0.026619964,4.119008162,0.22949094,11.59957069,1.880063111,11.48844702,4419,1442,
last,random_i,r_mc,4/5/2016 1:38,200,200,86400,123.9102403,11128,0.019934824,2.470128887,0.146486704,13.6086238,2.383908015,12.74088529,352,60953,
,,,,,,,,,,,,,,,,,
last,random_i,r_mc,4/5/2016 1:59,200,400,86400,277.4851702,28111,0.030889756,8.571449279,0.197932984,15.60616918,2.703516166,12.797723,4851,7003,
last,random_i,r_mc,4/5/2016 2:01,200,400,86400,242.5010531,22551,0.024531556,5.94892815,0.161283883,15.21017195,2.836016369,13.2311961,413,298369,
last,20110303,iqr_mc,4/5/2016 2:15,800,1052,86400,178.9487559,24970,0.007629675,1.365320883,0.108644287,7.022619762,0.130134119,9.680745525,5385,1270,
last,20110303,msmd_fs,4/5/2016 2:15,800,1052,86400,142.608295,6662,4.22E-04,0.060233239,0.021644128,1.951422679,0.02497482,9.635509612,1486,0,
,,,,,,,,,,,,,,,,,
last,20110303,iqr_mc,4/5/2016 2:22,800,1052,86400,119.0966983,19405,0.005790323,0.689608371,0.084671285,6.838591356,0.216599491,10.09391887,976,37974,
last,20110303,msmd_fs,4/5/2016 2:46,800,1052,86400,132.4833085,5229,1.24E-04,0.016422528,0.01012383,1.224430117,0.021496762,9.602112717,822,0,
,,,,,,,,,,,,,,,,,
last,random_i,r_mc,4/5/2016 3:27,200,200,86400,123.9102403,11128,0.019934824,2.470128887,0.146486704,13.6086238,2.383908015,12.74088529,352,60953,
last,random_i,r_mcsla,4/5/2016 4:11,200,200,86400,123.030675,12608,0.020354269,2.504199444,0.142982666,14.23548008,2.470187947,12.77100882,340,53104,
,,,,,,,,,,,,,,,,,
last,random_i,r_mcsla,4/5/2016 4:15,200,200,86400,121.9702883,14139,0.01980886,2.416092318,0.133567308,14.83061976,2.583546649,12.84180425,350,45729,
last,random_i,r_mc,4/5/2016 4:21,200,200,86400,123.9102403,11128,0.019934824,2.470128887,0.146486704,13.6086238,2.383908015,12.74088529,352,60953,
last,random_m,md_fs,4/5/2016 4:45,200,400,86400,270.4702214,4300,5.60E-04,0.151446653,0.01939198,2.887473968,0.326819739,8.861586085,237,0,
last,random_i,r_mc,4/5/2016 5:10,200,200,86400,123.9102403,11128,0.019934824,2.470128887,0.146486704,13.6086238,2.383908015,12.74088529,352,60953,
last,random_i,r_mcsla,4/5/2016 5:12,200,200,86400,122.9945131,13099,0.019847223,2.441099567,0.140607185,14.11536918,2.469824244,12.88005057,338,44769,
,,,,,,,,,,,,,,,,,
last,random_i,r_mc,4/5/2016 5:42,200,200,86400,96.53464271,9890,0.120371602,11.62002955,0.289659318,41.55626774,10.98478024,19.56877895,365,23233,
last,random_i,r_mc,4/5/2016 5:43,200,200,86400,108.2615093,10542,0.063656805,6.891581768,0.227682731,27.95855649,6.257487508,16.21611972,361,30022,
last,random_i,r_mc,4/5/2016 5:43,200,200,86400,117.3844893,11285,0.036286649,4.259489724,0.188048461,19.29643481,4.034574363,14.28946692,385,40617,
last,random_i,r_mc,4/5/2016 5:44,200,200,86400,123.9102403,11128,0.019934824,2.470128887,0.146486704,13.6086238,2.383908015,12.74088529,352,60953,
last,random_i,r_mc,4/5/2016 5:45,200,200,86400,128.4910868,9844,0.011470565,1.473865336,0.112505184,10.19558779,1.620073868,11.70222788,352,133077,
last,random_i,r_mc,4/5/2016 5:49,200,200,86400,131.8656072,7350,0.005600531,0.738517394,0.078652796,7.120574327,0.970858522,10.92180831,334,305800,
last,random_i,r_mc,4/5/2016 5:55,200,200,86400,133.8705743,5134,0.002880566,0.385623055,0.054378581,5.297244233,0.699454951,10.53399461,297,436242,
last,random_i,r_mc,4/5/2016 6:03,200,200,86400,135.9008739,3667,0.001515068,0.205899084,0.039306706,3.854477502,0.509707069,10.19980162,276,634424,
last,random_i,r_mc,4/5/2016 6:13,200,200,86400,136.1791421,3067,0.001194068,0.162607132,0.032831541,3.636953362,0.485231451,10.21666981,254,758392,
last,random_i,r_mc,4/5/2016 6:24,200,200,86400,136.8543045,2604,8.65E-04,0.118436487,0.028981241,2.986139392,0.40723014,10.36648687,255,839513,
last,random_i,r_mc,4/5/2016 6:35,200,200,86400,136.557214,2565,8.48E-04,0.115818999,0.029212991,2.903281455,0.38175673,10.17338321,254,758636,
last,random_i,r_mc,4/5/2016 6:46,200,200,86400,136.8038948,2663,9.51E-04,0.130149637,0.029086125,3.270834951,0.415195149,10.01732422,251,788256,
last,random_i,r_mc,4/5/2016 6:56,200,200,86400,137.0548707,2523,8.88E-04,0.121734652,0.028202636,3.149416131,0.411051986,10.18824022,249,790116,
last,random_i,r_mc,4/5/2016 7:06,200,200,86400,137.0548707,2523,8.88E-04,0.121734652,0.028202636,3.149416131,0.411051986,10.18824022,249,790116,
last,random_i,r_mc,4/5/2016 7:17,200,200,86400,137.0238027,2508,9.19E-04,0.125990292,0.027956483,3.288959601,0.400389499,9.907153865,250,806594,
last,random_i,r_mc,4/5/2016 7:28,200,200,86400,136.6443014,2576,8.10E-04,0.110693775,0.028720712,2.820567376,0.372706975,10.18659768,255,815683,
last,random_i,r_mc,4/5/2016 7:39,200,200,86400,136.6443014,2576,8.10E-04,0.110693775,0.028720712,2.820567376,0.372706975,10.18659768,255,815683,
last,random_i,r_mc,4/5/2016 7:50,200,200,86400,136.6443014,2576,8.10E-04,0.110693775,0.028720712,2.820567376,0.372706975,10.18659768,255,815683,
last,random_i,r_mc,4/5/2016 8:01,200,200,86400,136.6443014,2576,8.10E-04,0.110693775,0.028720712,2.820567376,0.372706975,10.18659768,255,815683,
last,random_i,r_mc,4/5/2016 8:12,200,200,86400,136.6443014,2576,8.10E-04,0.110693775,0.028720712,2.820567376,0.372706975,10.18659768,255,815683,
last,random_i,r_mc_,4/5/2016 8:22,200,200,86400,136.6443014,2576,8.10E-04,0.110693775,0.028720712,2.820567376,0.372706975,10.18659768,255,815683,
last,random_i,r_mc_,4/5/2016 8:33,200,200,86400,136.6443014,2576,8.10E-04,0.110693775,0.028720712,2.820567376,0.372706975,10.18659768,255,816028,
last,random_i,r_mc_,4/5/2016 8:44,200,200,86400,136.6443014,2576,8.10E-04,0.110693775,0.028720712,2.820567376,0.372706975,10.18659768,255,816028,
last,random_i,r_mc_,4/5/2016 8:55,200,200,86400,136.6443014,2576,8.10E-04,0.110693775,0.028720712,2.820567376,0.372706975,10.18659768,255,816028,
last,random_i,r_mc_,4/5/2016 9:06,200,200,86400,136.6443014,2576,8.10E-04,0.110693775,0.028720712,2.820567376,0.372706975,10.18659768,255,816028,
last,random_i,r_mc_,4/5/2016 9:16,200,200,86400,136.6443014,2576,8.10E-04,0.110693775,0.028720712,2.820567376,0.372706975,10.18659768,255,816028,
last,random_i,r_mc_,4/5/2016 9:27,200,200,86400,136.6443014,2576,8.10E-04,0.110693775,0.028720712,2.820567376,0.372706975,10.18659768,255,816028,
last,random_i,r_mc_,4/5/2016 9:38,200,200,86400,136.6443014,2576,8.10E-04,0.110693775,0.028720712,2.820567376,0.372706975,10.18659768,255,816028,
last,random_i,r_mc_,4/5/2016 9:49,200,200,86400,136.6443014,2576,8.10E-04,0.110693775,0.028720712,2.820567376,0.372706975,10.18659768,255,816028,
last,random_i,r_mc_,4/5/2016 10:00,200,200,86400,136.6443014,2576,8.10E-04,0.110693775,0.028720712,2.820567376,0.372706975,10.18659768,255,816028,

last,random_i,r_mmt,2016/04/13 21:49:38,50,50,86400.0,40.60217763306797,3800,0.012310005421750883,0.4998130267979591,0.1562390646660302,7.878954887539946,1.1701235257980294,10.754495626514622,1046,470.0
last,random_i,r_mmt,2016/04/13 21:51:23,50,50,86400.0,40.60217763306797,3800,0.012310005421750883,0.4998130267979591,0.1562390646660302,7.878954887539946,1.1701235257980294,10.754495626514622,1046,470.0
last,random_m,md_fs,2016/04/13 21:52:43,50,50,86400.0,36.65505554157764,319,1.3757694586609236E-4,0.005042890591962235,0.011860738161805377,1.1599357813084976,0.07146424937028356,8.226371830777229,127,0.0
last,random_i,r_mc,2016/04/19 00:43:24,50,50,86400.0,33.159878632366755,2324,0.011982720817695853,0.39734556800032894,0.11368453613907485,10.540326085367415,1.664346741499696,11.965287336090856,147,3719.0
last,random_i,r_mc,2016/04/19 00:47:33,50,50,86400.0,33.159878632366755,2324,0.011982720817695853,0.39734556800032894,0.11368453613907485,10.540326085367415,1.664346741499696,11.965287336090856,147,3719.0
last,random_i,r_mc,2016/04/19 00:48:15,50,50,86400.0,33.159878632366755,2324,0.011982720817695853,0.39734556800032894,0.11368453613907485,10.540326085367415,1.664346741499696,11.965287336090856,147,3719.0
last,random_i,r_mc,2016/04/19 00:51:34,50,50,86400.0,33.159878632366755,2324,0.011982720817695853,0.39734556800032894,0.11368453613907485,10.540326085367415,1.664346741499696,11.965287336090856,147,3719.0
last,random_i,r_mc,2016/04/19 00:53:25,50,50,86400.0,33.159878632366755,2324,0.011982720817695853,0.39734556800032894,0.11368453613907485,10.540326085367415,1.664346741499696,11.965287336090856,147,3719.0
last,random_i,r_mc,2016/04/19 00:53:49,50,50,86400.0,33.159878632366755,2324,0.011982720817695853,0.39734556800032894,0.11368453613907485,10.540326085367415,1.664346741499696,11.965287336090856,147,3719.0
last,random_i,r_mc,2016/04/19 01:13:31,10,10,86400.0,8.235065469518528,167,0.0014627734801319467,0.01204603537596204,0.04630645051100425,3.158897872736615,0.5831603455651679,11.608987018379453,30,111.0
last,random_i,r_mc,2016/04/19 01:52:50,10,10,86400.0,8.235065469518528,167,0.0014627734801319467,0.01204603537596204,0.04630645051100425,3.158897872736615,0.5831603455651679,11.608987018379453,30,111.0
last,random_i,r_mc,2016/04/19 02:05:19,10,10,86400.0,8.235065469518528,167,0.0014627734801319467,0.01204603537596204,0.04630645051100425,3.158897872736615,0.5831603455651679,11.608987018379453,30,111.0
last,random_i,r_mc,2016/04/19 02:11:30,10,10,86400.0,8.235065469518528,167,0.0014627734801319467,0.01204603537596204,0.04630645051100425,3.158897872736615,0.5831603455651679,11.608987018379453,30,111.0
last,random_i,r_mc,2016/04/19 02:41:31,10,10,86400.0,8.235065469518528,167,0.0014627734801319467,0.01204603537596204,0.04630645051100425,3.158897872736615,0.5831603455651679,11.608987018379453,30,111.0
last,random_i,r_mc,2016/04/19 02:52:04,10,10,86400.0,8.235065469518528,167,0.0014627734801319467,0.01204603537596204,0.04630645051100425,3.158897872736615,0.5831603455651679,11.608987018379453,30,111.0
last,random_i,r_mc,2016/04/19 03:01:26,10,10,86400.0,8.235065469518528,167,0.0014627734801319467,0.01204603537596204,0.04630645051100425,3.158897872736615,0.5831603455651679,11.608987018379453,30,111.0
last,random_i,r_mc,2016/04/19 03:25:19,10,10,86400.0,8.235065469518528,167,0.0014627734801319467,0.01204603537596204,0.04630645051100425,3.158897872736615,0.5831603455651679,11.608987018379453,30,111.0
last,random_i,r_mc,2016/04/19 03:37:33,10,10,86400.0,8.502268836333077,227,0.0015765404959493512,0.013404171127927262,0.06128238503694072,2.5725834511809884,0.33346934339863166,10.723919398502431,45,823.0
last,random_i,r_mc,2016/04/19 03:42:22,10,10,86400.0,9.271814514454434,200,9.956407229821695E-4,0.009231396106527984,0.04850065825443452,2.052839608400853,0.2170104688483443,10.14375152122502,51,3867.0
last,random_i,r_mc,2016/04/19 03:45:40,10,10,86400.0,9.40730714113707,223,9.211957612690207E-4,0.008665971463371258,0.04991365529756934,1.845578641309967,0.228929353208245,10.53273397654048,57,4709.0
last,random_i,r_mc,2016/04/19 03:49:24,10,10,86400.0,9.294189310963695,171,4.720012277660913E-4,0.0043868687658653455,0.03547322034806714,1.330584658327503,0.16508879441650043,10.509709895671064,52,4612.0
last,random_i,r_mc,2016/04/19 03:51:09,10,10,86400.0,10.338324923449763,111,1.8369841098218116E-4,0.0018991338606552013,0.021338997809996384,0.8608577245184706,0.14973028185699186,10.942544126638062,31,6673.0
last,random_i,r_mc,2016/04/19 03:59:05,10,10,86400.0,10.338324923449763,111,1.8369841098218116E-4,0.0018991338606552013,0.021338997809996384,0.8608577245184706,0.14973028185699186,10.942544126638062,31,6673.0
last,random_i,r_mc,2016/04/19 04:06:41,10,10,86400.0,10.338324923449763,111,1.8369841098218116E-4,0.0018991338606552013,0.021338997809996384,0.8608577245184706,0.14973028185699186,10.942544126638062,31,6673.0
last,random_i,r_mc,2016/04/19 04:18:16,10,10,86400.0,10.385491636090547,94,1.4948179565803834E-4,0.0015524419385543537,0.019388170088028817,0.7709948642875563,0.14788837156462126,11.07462037368287,24,6640.0
last,random_i,r_mc,2016/04/19 04:24:33,10,10,86400.0,8.235065469518528,167,0.0014627734801319467,0.01204603537596204,0.04630645051100425,3.158897872736615,0.5831603455651679,11.608987018379453,30,111.0
last,random_i,r_mc,2016/04/19 04:25:31,10,10,86400.0,8.235065469518528,167,0.0014627734801319467,0.01204603537596204,0.04630645051100425,3.158897872736615,0.5831603455651679,11.608987018379453,30,111.0
last,random_i,r_mc,2016/04/19 04:30:56,10,10,86400.0,10.405268324764243,80,1.2805495156797085E-4,0.0013324461313794264,0.01695197965257889,0.7553982142049702,0.17910343122675665,11.276657255377103,21,6490.0
last,random_i,r_mc,2016/04/19 04:33:44,10,10,86400.0,10.405268324764243,80,1.2805495156797085E-4,0.0013324461313794264,0.01695197965257889,0.7553982142049702,0.17910343122675665,11.276657255377103,21,6490.0
last,random_i,r_mc,2016/04/19 04:43:28,10,10,86400.0,10.405268324764243,80,1.2805495156797085E-4,0.0013324461313794264,0.01695197965257889,0.7553982142049702,0.17910343122675665,11.276657255377103,21,6490.0
last,random_i,r_mc,2016/04/19 04:48:52,10,10,86400.0,10.405268324764243,80,1.2805495156797085E-4,0.0013324461313794264,0.01695197965257889,0.7553982142049702,0.17910343122675665,11.276657255377103,21,6490.0
last,random_i,r_mc,2016/04/19 04:49:29,10,10,86400.0,10.405268324764243,80,1.2805495156797085E-4,0.0013324461313794264,0.01695197965257889,0.7553982142049702,0.17910343122675665,11.276657255377103,21,6490.0
last,random_i,r_mc,2016/04/19 04:53:15,10,10,86400.0,10.405268324764243,80,1.2805495156797085E-4,0.0013324461313794264,0.01695197965257889,0.7553982142049702,0.17910343122675665,11.276657255377103,21,6490.0
last,random_i,r_mc,2016/04/19 05:00:42,10,10,86400.0,10.405268324764243,80,1.2805495156797085E-4,0.0013324461313794264,0.01695197965257889,0.7553982142049702,0.17910343122675665,11.276657255377103,21,6490.0
last,random_i,r_mc,2016/04/19 05:11:06,10,10,86400.0,8.261533012034276,167,9.86806649118234E-4,0.008152535708185214,0.04622084002362538,2.1349820743496575,0.3311399871645154,12.60972822828141,29,219.0
last,random_i,r_mc,2016/04/19 05:12:04,10,10,86400.0,9.158629651120016,220,9.132514584609685E-4,0.008364131886389226,0.04692472103875453,1.9462054078205937,0.2088611383897882,10.26789163199459,45,3850.0
last,random_i,r_mc,2016/04/19 05:12:27,10,10,86400.0,10.058627516139975,176,4.7178042421077484E-4,0.00474546355654269,0.03502569562948891,1.3469551874183834,0.25756284372759075,10.66501784326572,42,5716.0
last,random_i,r_mc,2016/04/19 05:12:54,10,10,86400.0,9.489024602146397,238,8.246898678327425E-4,0.007825502445005754,0.04678101607457187,1.7628729280230577,0.18886260549398015,10.342456998621405,60,4521.0
last,random_i,r_mc,2016/04/19 05:13:23,10,10,86400.0,9.489024602146397,238,8.246898678327425E-4,0.007825502445005754,0.04678101607457187,1.7628729280230577,0.18886260549398015,10.342456998621405,60,4521.0
last,random_i,r_mc,2016/04/19 05:27:17,10,10,86400.0,9.184208453284732,72,1.2547494261193413E-4,0.001152388028611942,0.017749008223655362,0.7069405852474887,0.08235140599723219,10.948275750853774,18,907.0
last,random_i,r_mc,2016/04/19 05:29:14,10,10,86400.0,10.48154807003093,28,1.7286740800731898E-5,1.8119180467703638E-4,0.006529664861037158,0.2647416240898175,0.0471530434251489,11.537083041595748,9,671.0
last,random_i,r_mc,2016/04/19 05:29:59,10,10,86400.0,9.592318980008203,65,8.755393109036057E-5,8.398452349723959E-4,0.01654050041352121,0.5293306060969513,0.061949914579995116,10.507961325245015,16,902.0
last,random_i,r_mc,2016/04/19 05:30:48,10,10,86400.0,9.184208453284732,72,1.2547494261193413E-4,0.001152388028611942,0.017749008223655362,0.7069405852474887,0.08235140599723219,10.948275750853774,18,907.0
last,random_i,r_mc,2016/04/19 05:31:09,10,10,86400.0,9.184208453284732,72,1.2547494261193413E-4,0.001152388028611942,0.017749008223655362,0.7069405852474887,0.08235140599723219,10.948275750853774,18,907.0
last,random_i,r_mc,2016/04/19 05:31:20,10,10,86400.0,8.915823456036165,97,2.8153990981561545E-4,0.0025101601317443706,0.02960314687006159,0.951047235117912,0.15086264445209294,11.673442573737411,21,1084.0
last,random_i,r_mc,2016/04/19 05:31:48,10,10,86400.0,9.396916498123728,100,2.9188697697796347E-4,0.0027428375495516855,0.025089641197163965,1.163376449604059,0.2568987402714277,11.723277779090518,22,681.0
last,random_i,r_mc,2016/04/19 05:32:07,10,10,86400.0,9.396916498123728,100,2.9188697697796347E-4,0.0027428375495516855,0.025089641197163965,1.163376449604059,0.2568987402714277,11.723277779090518,22,681.0
last,random_i,r_mc,2016/04/19 11:38:07,10,10,86400.0,8.630247466359283,131,4.641928031929009E-4,0.004006098763657746,0.0312543602487057,1.4852097419339243,0.2019576922919263,10.99267556631261,28,576.0
last,random_i,r_mc,2016/04/19 11:45:00,10,20,86400.0,13.465336355530312,776,0.008557745629560473,0.11523292334710128,0.10727400683313995,7.9774643291470175,1.3434662778697104,12.343868108328639,86,343.0
last,random_i,r_mc,2016/04/19 11:45:43,10,20,86400.0,14.994634538543231,352,0.0018434804563806017,0.02764231572237401,0.04071618902299207,4.527635077388025,0.5272823503926022,10.700873351437497,29,4535.0
last,random_i,r_mc,2016/04/19 11:47:15,10,20,86400.0,13.465336355530312,776,0.008557745629560473,0.11523292334710128,0.10727400683313995,7.9774643291470175,1.3434662778697104,12.343868108328639,86,343.0
last,random_i,r_mc,2016/04/19 11:47:57,10,20,86400.0,14.654592753984552,454,0.0036224707402765528,0.05308583346197782,0.05661223519124204,6.398741770289529,0.9372118363545058,11.63888798418935,48,3809.0
last,random_i,r_mc,2016/04/19 11:48:54,10,20,86400.0,16.001223960892087,378,0.002831809978730088,0.0453124256843492,0.04662500878180414,6.07358594179017,0.936219047487411,11.868387245555182,47,6407.0
last,random_i,r_mc,2016/04/19 11:51:15,10,10,86400.0,8.235065469518528,167,0.0014627734801319467,0.01204603537596204,0.04630645051100425,3.158897872736615,0.5831603455651679,11.608987018379453,30,111.0
last,random_i,r_mc,2016/04/19 11:51:53,10,10,86400.0,8.275364184703328,173,0.0013471348915554203,0.011148031833541926,0.04789605255666471,2.8126219586920156,0.6015247340480884,12.910164421216791,29,76.0
last,random_i,r_mc,2016/04/19 11:52:43,10,10,86400.0,8.668040143370144,134,4.1148573972991904E-4,0.003566774910403297,0.03195461092192436,1.287719449112725,0.18435730394613206,12.799946271226581,24,530.0
last,random_i,r_mc,2016/04/19 11:53:15,10,10,86400.0,8.887133387768946,113,3.3906981657914203E-4,0.003013358687705186,0.030465337807618065,1.1129691675184883,0.18662349404378298,11.487644254781356,24,804.0
last,random_i,r_mc,2016/04/19 11:53:49,10,10,86400.0,9.396916498123728,100,2.9188697697796347E-4,0.0027428375495516855,0.025089641197163965,1.163376449604059,0.2568987402714277,11.723277779090518,22,681.0
last,random_i,r_mc,2016/04/19 11:54:11,10,10,86400.0,8.915823456036165,97,2.8153990981561545E-4,0.0025101601317443706,0.02960314687006159,0.951047235117912,0.15086264445209294,11.673442573737411,21,1084.0
last,random_i,r_mc,2016/04/19 11:54:31,10,10,86400.0,9.184208453284732,72,1.2547494261193413E-4,0.001152388028611942,0.017749008223655362,0.7069405852474887,0.08235140599723219,10.948275750853774,18,907.0
last,random_i,r_mc,2016/04/19 11:54:57,10,10,86400.0,9.592318980008203,65,8.755393109036057E-5,8.398452349723959E-4,0.01654050041352121,0.5293306060969513,0.061949914579995116,10.507961325245015,16,902.0
last,random_i,r_mc,2016/04/19 11:55:25,10,10,86400.0,10.48154807003093,28,1.7286740800731898E-5,1.8119180467703638E-4,0.006529664861037158,0.2647416240898175,0.0471530434251489,11.537083041595748,9,671.0
last,random_i,r_mc,2016/04/19 12:00:15,10,10,86400.0,10.492380362985186,23,1.3369609882632671E-5,1.4027903219330772E-4,0.005478736554998683,0.24402724512158783,0.046079007448907014,11.788035374917504,8,81.0
last,random_i,r_mc,2016/04/19 12:00:39,10,10,86400.0,10.492380362985186,23,1.3369609882632671E-5,1.4027903219330772E-4,0.005478736554998683,0.24402724512158783,0.046079007448907014,11.788035374917504,8,81.0
last,random_i,r_mc,2016/04/19 12:01:32,10,10,86400.0,10.470285502265686,33,2.828468692167134E-5,2.961487474120993E-4,0.009120228440516367,0.31013134271963394,0.04993891784970157,11.413124731789637,10,304.0
last,20110303,iqr_mcsla,2016/06/06 02:12:19,800,1052,86400.0,215.428380093041,16504,0.001418881952216545,0.3056674405092619,0.05122333219537027,2.7699915085664584,0.056842114823309906,10.141496721952226,996,2.0083796E7
last,20110303,iqr_mcsla,2016/06/06 02:24:08,800,1052,86400.0,118.59726410567178,22498,0.004740377983660647,0.5621958596889136,0.07557271150695322,6.272605400991202,0.1895058760704634,10.260185787224476,979,38423.0
last,20110303,iqr_mcsla,2016/06/06 02:31:14,800,1052,86400.0,118.59726410567178,22498,0.004740377983660647,0.5621958596889136,0.07557271150695322,6.272605400991202,0.1895058760704634,10.260185787224476,979,38423.0
last,20110303,lrr_mcsla,2016/06/06 02:46:28,800,1052,86400.0,120.18537900053379,11836,0.0017463242720761026,0.20988264449729765,0.037696029940569996,4.632647721336399,0.10565479112056424,9.495607305409067,866,492510.0
last,20110303,mad_mcsla,2016/06/06 02:49:12,800,1052,86400.0,116.37538650619257,22003,0.005245098581522119,0.610400374687719,0.07952100641517919,6.595865442317793,0.2209443479718804,10.418940714250727,968,38957.0
last,20110303,thr_mcsla,2016/06/06 02:52:23,800,1052,86400.0,121.45229434508342,19271,0.0032715577777666024,0.3973381981922564,0.061516337810623864,5.318193335627344,0.14734535587394698,10.284581218607126,949,62458.0
last,20110306,iqr_mcsla,2016/06/06 02:54:26,800,898,86400.0,90.44456960812761,15930,0.004560303944394784,0.4124547275330329,0.07022156891683785,6.494164136086833,0.20090610603090514,10.583568242414938,905,26614.0
last,20110306,lrr_mcsla,2016/06/06 03:01:30,800,898,86400.0,90.79875164549414,9488,0.0018603249373053726,0.16891518196230998,0.03896931466169837,4.773820000313795,0.11246777763653246,10.08042168512049,848,229784.0
last,20110306,mad_mcsla,2016/06/06 03:03:36,800,898,86400.0,88.67627486532994,16547,0.005138420406911497,0.4556559803769044,0.07660654829695142,6.707547228199527,0.21084846800760176,10.661310160999603,921,35484.0
last,20110306,thr_mcsla,2016/06/06 03:05:38,800,898,86400.0,92.0034646927019,14793,0.0033870616058277125,0.31162140286377615,0.06202229014201564,5.461039245845618,0.14790374498485337,10.770948268428528,909,43108.0
last,20110309,iqr_mcsla,2016/06/06 03:08:13,800,1061,86400.0,103.1240989938604,21361,0.005581859068251033,0.5756241871240969,0.08774996927805923,6.361095182339518,0.1924481213344647,11.181932207287206,992,23396.0
last,20110309,lrr_mcsla,2016/06/06 03:17:53,800,1061,86400.0,101.68822818438996,12234,0.0029871992137212268,0.30376299527711437,0.05159228969879267,5.790010932178363,0.1674873799876139,10.66615616873066,895,334230.0
last,20110309,mad_mcsla,2016/06/06 03:20:23,800,1061,86400.0,100.94733776691983,21088,0.006153372419218483,0.6211665640084968,0.09274400985651292,6.6347922941207225,0.231521769385058,11.488792007405232,991,25410.0
last,20110309,thr_mcsla,2016/06/06 03:22:53,800,1061,86400.0,103.31282503448531,20124,0.005090369413683879,0.5259004445968181,0.08426020278159918,6.0412498969151756,0.1888232174212692,11.462986905121292,989,54325.0
last,20110322,iqr_mcsla,2016/06/06 03:26:53,800,1516,86400.0,122.24094608210265,28021,0.004644595448668473,0.5677597418138621,0.0798708271687008,5.815133777015099,0.1726455540107321,10.893583115377446,974,26848.0
last,20110322,lrr_mcsla,2016/06/06 03:45:58,800,1516,86400.0,122.27210870256401,15334,0.002341492742577806,0.2862992551467382,0.043602063732787626,5.370142011918266,0.13560836472729115,9.888648499378837,876,396982.0
last,20110322,mad_mcsla,2016/06/06 03:49:45,800,1516,86400.0,119.84477071977616,27215,0.005507441055335747,0.6600380105293947,0.08472010395957741,6.500748698282427,0.22383310714911794,11.03652804820239,967,29727.0
last,20110322,thr_mcsla,2016/06/06 03:54:12,800,1516,86400.0,124.2028084655491,25200,0.003781669298123634,0.4696939475148972,0.06958947295044264,5.434254834516,0.14461246312785375,10.837452936844866,965,52017.0
last,20110325,iqr_mcsla,2016/06/06 03:57:08,800,1078,86400.0,106.61591683590139,22606,0.004795594191609151,0.5112866715113329,0.07944048790908813,6.036712912812469,0.1812091725528737,10.597386237138764,1001,24229.0
last,20110325,lrr_mcsla,2016/06/06 04:09:19,800,1078,86400.0,106.81548574950607,12123,0.0021011755643168717,0.22443808854749916,0.04224284601430559,4.974038831581816,0.11223820918878755,9.524300827852644,873,286512.0
last,20110325,mad_mcsla,2016/06/06 04:12:04,800,1078,86400.0,104.68280794326319,22289,0.005384783119034906,0.5636942170660568,0.08464270686965635,6.361780380354663,0.1985363958337802,10.691585159837642,989,26496.0
last,20110325,thr_mcsla,2016/06/06 04:15:08,800,1078,86400.0,108.52352605979863,20024,0.0036464298203471007,0.39572342163366536,0.06697053693824863,5.444826915019894,0.13871115020921748,10.202170045067241,982,38083.0
last,20110403,iqr_mcsla,2016/06/06 04:19:31,800,1463,86400.0,160.28063866827,30408,0.00451697854173672,0.7239842055204324,0.07521329392797353,6.00555873282496,0.19493457277160559,10.45268548655967,957,45520.0
last,20110403,lrr_mcsla,2016/06/06 04:50:51,800,1463,86400.0,162.2053668665444,16380,0.00198969817857917,0.3227397230101295,0.04001879125512968,4.971909735839728,0.12949201855870643,9.737476970980921,854,721270.0
last,20110403,mad_mcsla,2016/06/06 04:55:03,800,1463,86400.0,157.5478252231087,31201,0.0054262276211851255,0.854890360883279,0.08278316024694321,6.554748097316676,0.23163701523976227,10.636021607490168,987,44387.0
last,20110403,thr_mcsla,2016/06/06 05:00:51,800,1463,86400.0,163.96171035057213,26776,0.003407011394938128,0.558619415497944,0.06381458720780449,5.338922563024042,0.16505774817444716,10.555348290596047,958,91802.0
last,20110409,iqr_mcsla,2016/06/06 05:04:30,800,1358,86400.0,127.00281795491922,25998,0.004591258554723003,0.583102774409451,0.07702161196373393,5.961000344792606,0.1818184192512881,10.76823142920828,977,31526.0
last,20110409,lrr_mcsla,2016/06/06 05:24:30,800,1358,86400.0,128.11080836683217,14352,0.0020268749169466433,0.2596645840684903,0.041399438947487655,4.895899481917121,0.12186024804182433,10.186498864440612,861,479278.0
last,20110409,mad_mcsla,2016/06/06 05:27:57,800,1358,86400.0,125.10925724019889,26221,0.005231936093358463,0.6545636385682652,0.08260795505092167,6.333453104042295,0.21128832854873905,11.005991630916508,987,37169.0
last,20110409,thr_mcsla,2016/06/06 05:31:58,800,1358,86400.0,129.8646423181044,23534,0.003471088069436787,0.45077161059204784,0.0662799658516576,5.237009441443425,0.14461064822483427,10.795679224793439,977,63014.0
last,20110411,iqr_mcsla,2016/06/06 05:35:32,800,1233,86400.0,124.66924956928078,26187,0.004518703404026744,0.5633433624061687,0.07771009773198655,5.814821414343407,0.1593166825896455,10.735784559103323,997,35266.0
last,20110411,lrr_mcsla,2016/06/06 05:55:56,800,1233,86400.0,126.6605984923161,13911,0.0020211011160278206,0.25599387696957177,0.04129863849417009,4.893868635192729,0.11348901330527192,9.960383255758467,860,586522.0
last,20110411,mad_mcsla,2016/06/06 05:59:22,800,1233,86400.0,122.15754039820338,26554,0.005337672397798166,0.6520369315664046,0.08530130225581042,6.257433657684379,0.20009776192021306,11.024166867896884,1006,37951.0
last,20110411,thr_mcsla,2016/06/06 06:03:15,800,1233,86400.0,127.1964492764824,22857,0.0035242174091574285,0.44826794092318906,0.06645969995376465,5.302788624699166,0.14228285379472055,10.770439711516676,981,55807.0
last,20110412,iqr_mcsla,2016/06/06 06:06:01,800,1054,86400.0,109.6372974730261,22569,0.004682814081400449,0.5134110804533765,0.07891223445795181,5.934205403720605,0.18317236107301246,10.939012202517805,985,22516.0
last,20110412,lrr_mcsla,2016/06/06 06:19:47,800,1054,86400.0,109.44752300672859,12513,0.0022967555781213097,0.25137420897726426,0.04437231096926685,5.176100879019099,0.1340709422883292,10.073628453386652,886,388238.0
last,20110412,mad_mcsla,2016/06/06 06:22:25,800,1054,86400.0,107.63553707310119,22480,0.005257654334652161,0.5659104480550038,0.08416129373612188,6.2471168173067,0.21025939575788685,11.112072454629505,977,23889.0
last,20110412,thr_mcsla,2016/06/06 06:25:27,800,1054,86400.0,111.57616722033625,20173,0.003943211402940421,0.4399684148796171,0.07032365245163834,5.607233506041473,0.16378189739365148,10.856078310651712,974,49307.0
last,20110420,iqr_mcsla,2016/06/06 06:28:05,800,1033,86400.0,92.18646047568646,22999,0.006002052837712356,0.5533080066967518,0.1010983578897836,5.936845031900254,0.20617796528209992,12.226230693089121,977,15895.0
last,20110420,lrr_mcsla,2016/06/06 06:36:54,800,1033,86400.0,89.88072786393317,12613,0.003750006796512628,0.33705334036525136,0.06192279657435993,6.055939014332849,0.1810610677350496,11.463986111869119,880,263258.0
last,20110420,mad_mcsla,2016/06/06 06:39:22,800,1033,86400.0,89.95659031694487,22967,0.006980815905225275,0.6279703964643627,0.11098585598654791,6.2898248098130525,0.23373875287023899,12.54814546229211,991,17376.0
last,20110420,thr_mcsla,2016/06/06 06:41:46,800,1033,86400.0,91.30256301424315,21097,0.005747736903570125,0.5247831108275022,0.09822136361173643,5.851819494474347,0.19578224678075137,12.213008725984752,970,35539.0
last,20110303,msmd_mcsla,2016/06/06 15:05:46,800,1052,86400.0,131.14765789210844,5749,2.1681995513818996E-4,0.028435429300645635,0.013260557600341314,1.6350741927519639,0.03158389985402069,9.887493464985825,828,0.0
last,20110306,msmd_mcsla,2016/06/06 15:15:12,800,898,86400.0,100.31970825422341,4878,2.431965567945904E-4,0.024397407626064984,0.013856166026470605,1.7551504242226277,0.029961422512454903,10.644654603857697,827,0.0
last,20110309,msmd_mcsla,2016/06/06 15:31:35,800,1061,86400.0,115.3028613815897,5724,3.1447757246556184E-4,0.0362601639456155,0.01627283063038204,1.932531466765342,0.039916314579551804,11.024775486616532,828,0.0
last,20110322,msmd_mcsla,2016/06/06 16:11:15,800,1516,86400.0,137.4470838142356,7224,2.240943629475206E-4,0.030801116686345602,0.01315385572469923,1.7036401161579915,0.025300635975279935,9.976192667178786,821,0.0
last,20110325,msmd_mcsla,2016/06/06 16:31:36,800,1078,86400.0,117.94164916760708,5722,2.0448882830397417E-4,0.02411774964652236,0.01229140115482481,1.663673862143089,0.021867397640103953,9.871364038618449,817,0.0
last,20110403,msmd_mcsla,2016/06/06 18:02:21,800,1463,86400.0,179.14430945838714,7564,2.005236294694741E-4,0.03592266713139843,0.012870080217894592,1.5580604477559163,0.023925305459797243,9.71806543719788,819,0.0
last,20110409,msmd_mcsla,2016/06/06 18:45:36,800,1358,86400.0,142.68696767933974,6808,2.0020026720413047E-4,0.028565969055950942,0.013011932019790678,1.5385898642848204,0.021294548020358815,10.645912971091407,821,0.0
last,20110411,msmd_mcsla,2016/06/06 19:26:54,800,1233,86400.0,140.67082499986785,6539,2.1252959936377442E-4,0.029896714079393535,0.01314426788350912,1.6168994823242713,0.02629373833923746,10.296113023033556,809,0.0
last,20110412,msmd_mcsla,2016/06/06 19:52:13,800,1054,86400.0,124.35694039608157,5936,2.4316740661374023E-4,0.030239554690534628,0.013887852789427538,1.7509359459718443,0.030845041060047793,9.962735125625223,832,0.0
last,20110420,msmd_mcsla,2016/06/06 20:10:06,800,1033,86400.0,105.91487983988652,5737,2.9856810397259505E-4,0.03162280485628015,0.016512099084140048,1.8081777637791137,0.02916438923854931,10.698987807361036,824,0.0